word,功能,过程,领域
健全,规范,立法,社会
精神文明,,,
规范,规范,执法,社会
完善,规范,立法,科技
现代化,发展,执法,社会
人大,秩序,立法,政治
法制观念,,,
民主法制,,,
健全法制,,,
依法办事,,,
法律意识,,,
法律法规,,,
有法必依,规范,守法,政治
依法治国,,,
法制宣传,,,
法律化,规范,立法,政治
依法行政,,,
执法必严,规范,执法,经济
执法,规范,执法,环保
知法,秩序,守法,科技
学法,规范,执法,经济
法律监督,,,
政法,秩序,司法,政治
法律,秩序,司法,政治
法规,规范,执法,环保
法律制度,,,
有法不依,秩序,立法,政治
普法教育,,,
懂法,秩序,守法,经济
法纪,秩序,执法,经济
执法监督,,,
立法,规范,立法,政治
严格执法,,,
守法,秩序,守法,环保
违法必究,,,
有法可依,规范,立法,经济
法律常识,,,
制度化,规范,立法,政治
执法不严,规范,执法,环保
依法治理,,,
监督机制,,,
法制化,规范,立法,政治
政法部门,,,
法律手段,,,
法学,发展,司法,经济
执法机关,,,
司法,秩序,司法,政治
法律条文,,,
行政诉讼法,,,
依法,规范,守法,经济
以言代法,,,
法治,秩序,司法,社会
法制轨道,,,
执法者,规范,执法,社会
用法,规范,守法,政治
普法,秩序,司法,政治
合法权益,,,
违法不究,规范,执法,社会
刑事诉讼法,,,
遵纪守法,,,
以法,规范,司法,政治
制度,秩序,司法,政治
规章制度,,,
法盲,合法性,司法,政治
执法人员,,,
自律,规范,守法,政治
长治久安,发展,守法,社会
政治体制改革,,,
管理制度,,,
纪律,规范,执法,政治
法制环境,,,
社会治安,,,
以权代法,,,
法律依据,,,
司法制度,,,
治教,规范,守法,政治
综合治理,,,
赔偿法,发展,司法,经济
违法行为,,,
律师,发展,司法,社会
体制,发展,执法,经济
犯法,合法性,守法,政治
刑法,秩序,司法,政治
有法,秩序,立法,政治
政法干部,,,
法律制裁,,,
司法机关,,,
惩治,规范,执法,社会
违法,规范,执法,环保
依法办案,,,
人治,秩序,司法,政治
宪法,规范,立法,社会
法学界,合法性,司法,社会
组织法,规范,立法,经济
治税,发展,执法,经济
根本大法,,,
经济体制,,,
法院,合法性,司法,政治
讲法,规范,执法,经济
无法无天,规范,执法,社会
治安,秩序,司法,社会
刑事法律,,,
司法部,合法性,司法,政治
依法行事,,,
违法乱纪,,,
以身试法,规范,执法,环保
机制,规范,执法,经济
水法,秩序,立法,环保
运行机制,,,
公司法,规范,立法,经济
执法检查,,,
人民法院,,,
党纪国法,规范,执法,经济
司法人员,,,
法律顾问,,,
税法,规范,立法,经济
绳之以法,发展,执法,环保
铁路法,规范,立法,社会
人事制度,,,
体制改革,,,
教育法,发展,立法,社会
制衡,秩序,立法,政治
法治社会,,,
知法犯法,合法性,执法,政治
制定,规范,立法,经济
专制主义,,,
预算法,规范,立法,经济
行政法学,发展,立法,经济
法制报,规范,司法,社会
目无法纪,规范,执法,社会
土地管理法,,,
德治,合法性,守法,政治
法令,规范,立法,政治
义务教育法,,,
立法者,合法性,立法,政治
法庭,秩序,司法,政治
卫生法,规范,立法,社会
刑律,秩序,司法,政治
统计法,规范,执法,经济
责任制,规范,执法,经济
制止,秩序,立法,政治
单行法,规范,立法,经济
无法,发展,执法,经济
渔业法,规范,执法,环保
家长制,规范,司法,社会
护法,发展,执法,环保
法定,合法性,立法,国际
基本法,秩序,立法,政治
法律系,合法性,司法,政治
防治法,秩序,立法,政治
抵制,秩序,守法,政治
治理,秩序,执法,经济
税制,发展,立法,经济
根治,发展,立法,经济
规律,发展,执法,社会
制订,规范,立法,经济
自治,合法性,立法,政治
安全法,秩序,立法,科技
母法,规范,立法,环保
一国两制,发展,司法,经济
专制制度,,,
统治阶级,,,
法家,秩序,司法,政治
专治,发展,司法,社会
所有制,发展,立法,经济
提法,发展,立法,政治
防治,发展,立法,政治
防洪法,规范,执法,环保
良法,合法性,立法,政治
福利制度,,,
明治维新,,,
废法,规范,立法,社会
自然辩证法,,,
统治者,发展,执法,社会
无为而治,发展,执法,经济
错误做法,,,
想法,发展,立法,政治
制裁,秩序,立法,经济
制造者,合法性,执法,环保
政治犯,合法性,司法,政治
完备,规范,执法,国际
逐步完善,,,
社会主义市场经济,,,
有章可循,规范,立法,经济
民主专政,,,
职业道德,,,
廉政,秩序,司法,政治
贯彻实施,,,
舆论监督,,,
宣传教育,,,
公民权利,,,
加强监督,,,
民主,秩序,司法,政治
民主权利,,,
公安队伍,,,
颁布实施,,,
社会主义,发展,司法,社会
管理,规范,执法,经济
强化,规范,执法,经济
保障,秩序,立法,社会
道德教育,,,
市场经济,,,
规章,规范,执法,社会
公安,秩序,司法,社会
基层政权,,,
检察,发展,司法,经济
建立健全,,,
公民,秩序,司法,政治
尊严,规范,执法,社会
发扬民主,,,
行政诉讼,,,
社会安定,,,
教育,发展,司法,政治
社会风气,,,
行政,秩序,司法,政治
人人平等,,,
维护,规范,执法,社会
行为规范,,,
权益,发展,执法,环保
严明,规范,执法,经济
严厉打击,,,
监督管理,,,
经济纠纷,,,
监督,规范,执法,社会
公开审判,,,
党风,发展,执法,社会
意识,发展,执法,社会
道德,秩序,守法,政治
刑事,秩序,司法,政治
市场主体,,,
公平竞争,,,
行为,规范,执法,社会
宣传,发展,执法,环保
文明,秩序,司法,社会
社会,发展,司法,社会
专政,合法性,执法,政治
约束,规范,执法,经济
颁布,规范,立法,国际
自我教育,,,
高度民主,,,
审判,发展,司法,经济
经济合同,,,
特权思想,,,
改革开放,,,
惩处,规范,执法,环保
规则,规范,执法,国际
切实加强,,,
行使,合法性,立法,政治
职责,规范,执法,社会
惩戒,规范,执法,社会
保护,发展,执法,环保
道德修养,,,
根本好转,,,
乡规民约,,,
独立行使,,,
深化改革,,,
科学,发展,司法,社会
管理体系,,,
检察机关,,,
刑事犯罪,,,
村规民约,,,
改革,发展,司法,政治
秩序,秩序,守法,社会
严格管理,,,
人大常委会,,,
交通管理,,,
生产秩序,,,
普及,发展,立法,科技
经济,发展,司法,经济
群众监督,,,
齐抓共管,规范,执法,社会
犯罪行为,,,
权威,规范,执法,国际
环境,发展,执法,环保
科学管理,,,
程序,规范,司法,科技
管理机构,,,
党的领导,,,
正确认识,,,
紧密结合,,,
腐败,发展,执法,社会
奖罚分明,,,
犯罪,秩序,司法,政治
侵害,合法性,守法,政治
人民检察院,,,
林政,秩序,执法,环保
基层组织,,,
办案,规范,执法,经济
商品经济,,,
机关,规范,执法,社会
假冒伪劣,,,
征管,规范,执法,科技
权威性,规范,执法,国际
搞活经济,,,
广大群众,,,
党性,规范,守法,政治
坏人,发展,执法,社会
群众性,发展,执法,社会
树立,发展,执法,国际
公安机关,,,
贯彻执行,,,
金融,秩序,司法,经济
财税,发展,执法,经济
犯罪活动,,,
普及教育,,,
缺一不可,合法性,守法,科技
常识,规范,执法,社会
伦理,发展,司法,社会
管理条例,,,
私,秩序,司法,社会
整肃,规范,执法,社会
正确处理,,,
推进改革,,,
整顿,规范,执法,经济
工商行政,规范,执法,环保
杠杆作用,,,
基层,规范,执法,社会
明确责任,,,
渎职,规范,执法,环保
发扬,发展,执法,社会
重要性,合法性,守法,政治
打击,发展,执法,经济
农村基层,,,
党的路线,,,
及时性,合法性,立法,社会
全国人大,,,
交通安全,,,
条令,规范,执法,环保
铁面无私,规范,执法,社会
严格,规范,执法,环保
平等性,合法性,立法,社会
照章办事,,,
实施,发展,执法,经济
富强,发展,执法,社会
干警,规范,司法,社会
党,发展,司法,政治
安定,秩序,守法,社会
权利,发展,执法,社会
认真贯彻,,,
贯彻落实,,,
马列主义,发展,司法,政治
大案要案,秩序,司法,政治
严惩,规范,执法,环保
经济秩序,,,
公安部门,,,
解放思想,,,
斗争,发展,执法,政治
